idx,title,author,date,content
0,Breakthrough Discovery in Quantum Computing Unveiled at International Conference,Dr. Sophia Patel,"March 22, 2027","As the scientific community continues to digest the implications of this discovery, one thing is clear: the future of computing has never looked brighter."
1,Historic Agreement Reached Between North and South Korea on Denuclearization,Emily Kim,"March 25, 2025","The agreement is expected to be signed formally at a ceremony in Panmunjom, the truce village on the border between North and South Korea, later this week."
2,Breakthrough Discovery in Quantum Computing Revolutionizes Data Storage,Dr. Sophia Patel,"March 20, 2027","As the world watches with bated breath, the Harvard-MIT team is already working on refining their design and exploring its applications in various fields. With the QubitCore system, the future of data storage and processing looks brighter – and more compact – than ever before."
3,"""Asian Markets Soar as China Announces Historic Trade Deal with EU""",Emily Chen,"March 20, 2025","""This deal shows that China is willing to make deals and compromise,"" said Dr. Patel. ""It's time for the US to take a similar approach and work towards a more cooperative trade relationship with its partners."""
4,"""Presidential Candidate Rachel Morse Unveils Ambitious Education Reform Plan""",Emily Chen,"March 15, 2026","The EmpowerEd plan is likely to be a major issue in the upcoming presidential debates, with many voters eager to hear more about Morse's vision for education reform. As the campaign season heats up, one thing is clear: education is taking center stage, and Rachel Morse is leading the charge."
5,Asian Markets Soar as China and Japan Announce Historic Trade Agreement,Emily Chen,"March 20, 2025","As the details of the agreement continue to emerge, economists and policymakers around the world will be watching closely to see how the Sakura Accord will reshape the global economic landscape. One thing is certain, however: the era of Asian economic cooperation has officially begun."
6,Historic Peace Accord Signed Between Rival Nations in the Caucasus Region,Alexander Petrov,"March 20, 2027","Despite these challenges, the signing of the peace accord is widely seen as a significant step towards a more peaceful and stable Caucasus region. As the leaders of Azerbaijan and Armenia shook hands and smiled for the cameras, it was clear that a new chapter had begun in the region's history."
7,Asian Markets Soar as China Announces Historic Trade Deal with EU,Emily Chen,"March 20, 2025","The agreement is set to take effect on January 1, 2026, pending ratification by the European Parliament and the Chinese National People's Congress. Analysts predict that the deal will have far-reaching implications for the global economy, and could help to drive growth and stability in the years to come."
8,Historic Peace Accord Signed Between Rival Nations in Eastern Asia,Sophia Patel,"March 25, 2027","In a statement, the European Union's High Representative for Foreign Affairs, Josep Borrell, said: ""The EU welcomes this historic agreement and congratulates the leaders of Kyoria and Valtania on their courage and vision. This is a powerful reminder that diplomacy and dialogue can overcome even the deepest divisions."""
9,"""Rivals Unite: Manchester City and Liverpool to Co-Host 2026 Champions League Final""",Emily Wilson,"March 15, 2025","The 2026 Champions League Final is set to take place on May 29, 2026, with ticket sales opening to the public on April 1, 2025. Fans of both teams are already clamoring for a chance to be part of this historic event, which promises to be an unforgettable experience for all involved."
10,"""Presidential Candidate Rachel Morse Announces Groundbreaking Education Reform Plan""",Emily J. Wilson,"March 15, 2028",What do you think about Morse's education reform plan? Share your thoughts in the comments!
11,Historic Peace Accord Signed Between Long-Rival Nations of Azalia and Valtania,Sophia Patel,"March 20, 2025","As the ink dries on this historic agreement, the people of Azalia and Valtania are cautiously optimistic, knowing that the road ahead will be long and challenging. But for the first time in decades, they can begin to envision a future free from the scourge of war."
12,"""Rivals United: Football Clubs Announce Historic Merger""",Alex Thompson,"March 25, 2025","As the football world struggles to come to terms with this seismic shift, one thing is clear: Manchester FC is set to be the team to beat in the years to come."
13,"""President Rodriguez Announces Historic Immigration Reform Plan""",Maria Sanchez,"March 20, 2025","As the debate begins, one thing is clear: the fate of millions of undocumented immigrants, and the future of the American dream, hang in the balance."
14,Red Sox Acquire Star Pitcher in Blockbuster Trade with Dodgers,Alex Jenkins,"March 22, 2025","The trade is expected to have a significant impact on the MLB landscape, and fans are eagerly anticipating the start of the season to see how the new-look Red Sox will fare."
15,"""Breakthrough in Bipartisan Talks: Senate Reaches Historic Agreement on Immigration Reform""",Alexandra Thompson,"March 20, 2027","As the dust settles on this historic agreement, one thing is clear: Washington has finally found a way to come together on one of its most pressing issues, offering a glimmer of hope in a time of deep political division."
16,"""Senator Rachel Morse Announces Historic Bipartisan Education Reform Bill""",Emily J. Wilson,"March 15, 2023","The Education Excellence Act is expected to face scrutiny and debate in the coming weeks, but its bipartisan backing and comprehensive approach have generated optimism among educators, policymakers, and families nationwide. As Senator Morse concluded, ""This is just the beginning. We have a long way to go, but together, we can create an education system that truly serves every American student."""
17,"""President Hernandez Announces Sweeping Education Reform Package""",Emily Rodriguez,"March 20, 2025","The ""Education for All"" package is expected to face Congressional scrutiny in the coming weeks, with lawmakers set to hold hearings and mark-up sessions to refine the proposal. As the debate unfolds, one thing is clear: the future of American education hangs in the balance."
18,Historic Border Agreement Reached Between India and Pakistan,Rohan Kumar,"March 25, 2027","As the two countries move forward with the implementation of the agreement, analysts are cautiously optimistic about the prospects for peace and stability in the region. ""This is a significant step forward, but there is still much work to be done,"" said Dr. Saira Khan, a South Asia expert at the Brookings Institution. ""Both countries will need to continue to work together to build trust and address the many outstanding issues that remain."""
19,Historic Agreement Reached at G20 Summit: Global Minimum Tax Rate Established,Sophia Patel,"November 17, 2025","As the dust settles on this historic agreement, the world waits with bated breath to see how the new global minimum tax rate will be implemented and enforced. One thing is clear, however – this is a major step towards creating a more just and equitable economic system, and a testament to the power of international cooperation."
20,Historic Agreement Reached Between Nations to Establish International Disaster Response Force,Rachel Patel,"March 25, 2027","As the IDRF prepares to launch, nations around the world are hailing this achievement as a significant step forward in addressing the growing frequency and severity of global disasters."
21,"""Revolutionary AI Chip Unveiled by Tech Giant, NovaTech""",Emily Chen,"March 20, 2025","* ""AI-Powered Healthcare: The Future of Medical Diagnosis?"" (March 15, 2025)
* ""NovaTech Acquires AI Startup, DeepMindX, in $1.2B Deal"" (February 28, 2025)
* ""Google Unveils AI-Driven Smartphone, 'Pixel X'"" (January 12, 2025)"
22,Historic Treaty Signed Between Long-Feuding Nations of Azalia and Valtoria,Sophia Patel,"March 25, 2027","In the words of President Rodriguez, ""Today, we write a new chapter in our history books. A chapter of peace, of cooperation, and of hope for a brighter future."""
23,"""Eurozone Sees Unprecedented Growth as EU Launches Ambitious Trade Agreement with Latin America""",Maria Rodriguez,"March 25, 2027","* ""German Automakers Poised to Benefit from EU-Latin America Trade Deal"" (Business)
* ""French Wine Industry Cheers EU-Latin America Trade Agreement"" (Business)
* ""Italian Fashion Designers Eye Latin American Market with EU Trade Deal"" (Lifestyle)"
24,"""Bollywood Superstar Aisha Khan to Make Hollywood Debut in Upcoming Rom-Com""",Rukmini Raj,"March 20, 2025","With her Hollywood debut on the horizon, Khan is set to take the global film industry by storm. Stay tuned for more updates on this exciting project!"
25,"""Bollywood Sensation, Rani Patel, to Make Hollywood Debut in Upcoming Blockbuster""",Rohan Mehta,"March 20, 2025","As Patel prepares to take the world by storm with ""The Lost City,"" fans and critics alike are eagerly waiting to see what this talented actress has in store for us next. One thing is certain, however - Rani Patel is ready to conquer Hollywood, one blockbuster at a time."
26,Breakthrough in Quantum Computing: Researchers Achieve Unprecedented Processing Speeds,Dr. Sophia Patel,"March 25, 2027","""This is a momentous day for humanity,"" declared Dr. Quasar. ""We're on the cusp of a revolution that will transform the way we live, work, and interact with the world around us. The possibilities are endless, and we're honored to be at the forefront of this exciting journey."""
27,"""Controversial Bill Sparks Protests Across the Nation""",Emily Wilson,"March 20, 2025","As the nation continues to grapple with the implications of this controversial legislation, one thing is clear: the fight for individual freedom and privacy is far from over."
28,Breakthrough Discovery in Quantum Computing Revolutionizes Data Storage,Dr. Sophia Patel,"March 20, 2027","""The possibilities are endless,"" Dr. Rodriguez concluded. ""We're just beginning to scratch the surface of what's possible with quantum computing. The future is brighter than ever."""
29,,,,
30,"""Rookie Sensation Lucas Brooks Leads Red Sox to Thrilling Comeback Victory Over Yankees""",Emily Wilson,"August 20, 2025","**Next Game:** Red Sox at Rays, tonight, 7:10 PM ET, Tropicana Field."
31,"""Ramos' Stunning Debut Secures Victory for LA Galaxy in MLS Opener""",Alex Rodriguez,"March 4, 2025","* ""I'm loving the MLS so far. The pace is fast, and the fans are incredibly passionate."" - Sergio Ramos
* ""We knew it wouldn't be easy, but we worked hard and deserved the win. Now, let's focus on the next one."" - Guillermo Barros Schelotto"
32,"""Historic Bipartisan Agreement Reached on Immigration Reform""",Emily Rodriguez,"March 20, 2026","""This is a moment of great hope and opportunity for our country,"" said the President in a statement. ""I urge all Members of Congress to put aside their differences and come together to pass this critical legislation. Let us show the world that we can still come together to achieve great things."""
33,Revolutionary AI-Powered Chip Set to Transform Computing Industry,Emily Chen,"March 25, 2027","* NovaTech Shares Soar on News of Aurora Chip
* Experts Weigh in on the Future of AI-Powered Computing
* How the Aurora Chip Could Revolutionize Healthcare Analytics"
34,Breakthrough Discovery in Alzheimer's Research Offers New Hope for Patients,Dr. Sophia Patel,"March 25, 2027",The study was funded by the National Institutes of Health (NIH) and the Alzheimer's Association.
35,"""Asian Trade Bloc Sees Record Growth as China and Japan Strengthen Ties""",Emily Chen,"March 20, 2025","As the ATB continues to grow and deepen its economic integration, analysts predict that it will play an increasingly important role in shaping global trade policies and setting the agenda for international economic cooperation."
36,Historic Agreement Reached at International Climate Summit,Rachel Patel,"November 15, 2025","Despite these reservations, the Paris Protocol is seen as a significant step forward in the global fight against climate change. As world leaders departed the summit, they were met with cheers and applause from the thousands of activists and protesters who had gathered outside the venue. The agreement is a testament to the power of international cooperation and a reminder that, even in the face of adversity, humanity can come together to achieve great things."
37,"""Renaissance Woman: Actress-Singer-Philanthropist Sophia Grant Shines at Annual Golden Globe Gala""",Victoria Lee,"January 10, 2025","As the evening drew to a close, Grant was seen celebrating with her friends and colleagues, including her ""Wildflower Soul"" co-star and rumored beau, actor Michael B. Jordan. With her triple win, Sophia Grant cemented her status as a Renaissance woman of Hollywood, and we can't wait to see what she does next."
38,"""NeuroSpark Revolutionizes AI-Powered Brain-Computer Interfaces""",Rachel Kim,"March 25, 2027","As the boundaries between humans and machines continue to blur, NeuroSpark's CerebroX is poised to be at the forefront of the revolution, opening up new possibilities for humanity and redefining the future of interaction."
39,"""Bollywood Superstar Aisha Khan to Make Hollywood Debut in Upcoming Rom-Com""",Rohan Mehta,"March 20, 2023","With ""Love in the City of Angels"" set to release during the holiday season, fans of Khan and Hemsworth are eagerly anticipating the film's arrival. Will this be the start of a new era in Bollywood-Hollywood collaborations? Only time will tell."
40,"""Underdog Team 'Riverdale Renegades' Stuns Favorites in Thrilling Championship Upset""",Alex Rodriguez,"March 20, 2025",The Riverdale Renegades' championship victory marks the first time a team from outside the top four seeds has won the ABA title since 2010.
41,,,,
42,Breakthrough in Quantum Computing: New Chip Design Unlocks Unprecedented Processing Power,Dr. Sophia Patel,"February 20, 2027","""This is a game-changer,"" said Dr. Patel, a leading expert in quantum computing. ""The possibilities are endless, and we're just beginning to scratch the surface of what's possible with this technology."""
43,"""President-Elect Rodriguez Announces Historic Cabinet Picks""",Maria Sanchez,"January 10, 2026","President-Elect Rodriguez will take office on January 20, 2026, and is expected to address the nation in a primetime speech on her first day in office."
44,"""Rookie Sensation Leads Wildcats to Upset Victory in Championship Game""",Alex Thompson,"March 25, 2026","""It's an incredible feeling, but we're not done yet,"" Jackson said with a smile. ""We're going to enjoy this moment, but we're already thinking about next season."""
45,Historic Agreement Reached Between Rival Nations to End Decades-Long Border Dispute,Rachel Patel,"March 25, 2027","As the news of the agreement spread, people in both Azalia and Valtania took to the streets to celebrate, waving flags and banners and chanting slogans of peace and unity. It is a moment of hope and optimism in a region that has known far too much conflict and strife."
46,"""Hollywood Starlet Emma Taylor to Launch Fashion Line at Paris Fashion Week""",Isabelle LaRue,"February 25, 2023","With her fashion line, Taylor is poised to join the ranks of Hollywood's most stylish entrepreneurs, including Victoria Beckham and Kate Hudson. As one insider put it, ""Emma's got the talent, the drive, and the style - she's going to conquer the fashion world, one runway at a time."""
47,Historic Agreement Reached at International Water Summit,Rachel Patel,"March 20, 2027","The Stockholm Accord is seen as a major step forward in the global effort to achieve the Sustainable Development Goals, and is expected to have far-reaching implications for global health, economy, and security."
48,"""Upset of the Century: Underdog Team 'Riviera Rangers' Takes Down Reigning Champions in Thrilling Soccer Match""",Alex Rodriguez,"March 25, 2027","In other sports news, the Boston Red Sox defeated the New York Yankees 5-3 in a thrilling MLB matchup, while the Golden State Warriors took down the Los Angeles Lakers 120-115 in a high-scoring NBA game."
49,"""Lightning Strikes Twice: Valencia FC Wins Back-to-Back Champions League Titles""",Carlos Ramirez,"May 28, 2025","As for Valencia, they will celebrate their title win with a parade through the streets of Valencia on Monday, before turning their attention to next season's campaign."
50,"""Rising Star Emma Taylor Shatters Records at the World Swimming Championships""",Michael Thompson,"August 3, 2025","With her star on the rise, Emma Taylor is poised to become a household name in the world of swimming. As she continues to shatter records and inspire a new generation of athletes, one thing is clear: the future of swimming is bright, and Emma Taylor is leading the way."
51,"""NeuroSpark Unveils Revolutionary Brain-Computer Interface, Promises to Change Lives""",Rachel Kim,"March 25, 2025","As the tech world continues to grapple with the ethics and implications of brain-computer interfaces, NeuroSpark's groundbreaking innovation is poised to spark a new wave of innovation and debate. One thing is certain, however: CerebroX has the potential to change lives – and the future of human-computer interaction – forever."
52,"""Eurozone Sees Unprecedented Growth as New Trade Agreement Takes Effect""",Emily Wilson,"March 20, 2027","As the Eurozone continues to ride the wave of growth, all eyes will be on the upcoming EU summit in June, where leaders are expected to discuss further economic integration and cooperation. One thing is certain – the Continental Trade Agreement has marked a new era of economic cooperation in Europe, and its effects will be felt for years to come."
53,Historic Summit Convenes in Brussels to Address Global Refugee Crisis,Sophie Laurent,"March 20, 2025","The Brussels summit is seen as a crucial step towards finding a lasting solution to the global refugee crisis. As the world watches, leaders will be under intense pressure to deliver concrete commitments and action plans to address this pressing global issue."
54,"""Rising Star Tyler Jackson Shatters Records at US Open Championships""",Alex Rodriguez,"August 25, 2025","As the tennis world continues to buzz with excitement, one thing is clear: Tyler Jackson is a name to watch, and his star is only just beginning to rise."
55,Breakthrough Discovery in Alzheimer's Research Offers New Hope for Patients,Dr. Sophia Patel,"March 25, 2027","The study's findings have been hailed as a major step forward in the fight against Alzheimer's, and researchers around the world are already building on the discovery to accelerate the development of new treatments."
56,"""Revolutionary AI Chip Unveiled by NeuroSpark, Promises to Quadruple Computing Power""",Rachel Kim,"March 25, 2027","With the launch of the NeuroCore X1, NeuroSpark is poised to take the lead in the AI chip market, a sector that is expected to grow to over $10 billion by 2030. As the tech world continues to evolve at an increasingly rapid pace, one thing is clear: the future of AI has just gotten a lot brighter."
57,"Revolutionary AI-Powered Chipset Unveiled by NovaTech, Promises to Triple Computing Speed",Rachel Kim,"March 25, 2025","As the tech world waits with bated breath to see the impact of the Aurora chipset, one thing is clear: the future of computing just got a whole lot faster."
58,"""Bollywood Starlet Aisha Khan Announces Debut in Hollywood with Highly Anticipated Romantic Comedy""",Rukmini Patel,"March 20, 2025","With her stunning looks, captivating on-screen presence, and dedication to her craft, Aisha Khan is poised to take Hollywood by storm. And with ""Love in the City of Angels"" generating buzz months ahead of its release, it's clear that this Bollywood starlet is ready for her close-up."
59,"Asian Trade Pact Boosts Global Markets, Despite US Absence",Rachel Lee,"March 20, 2027","* Asian Trade Pact Secretariat
* International Monetary Fund
* Singapore Institute of International Affairs
* International Labor Organization"
60,"""Shocking Upset in Wimbledon Quarterfinals: 19-Year-Old Phenom Takes Down Reigning Champion""",Emily Wilson,"July 7, 2025","With her stunning upset, Sofia Rodriguez has cemented her place as one of the most exciting young players in tennis. Will she be able to continue her winning streak and take home the coveted Wimbledon trophy? Only time will tell."
61,Historic Agreement Reached Between Long-Feuding Nations of Azalia and Valtania,Sophia Patel,"March 25, 2027","As the people of Azalia and Valtania celebrate this new era of cooperation, the world watches with hope and expectation, knowing that this agreement has the potential to inspire similar breakthroughs in other regions of conflict around the globe."
62,Breakthrough Discovery in Quantum Computing Revolutionizes Data Storage,Dr. Sophia Patel,"March 25, 2027","As the scientific community continues to explore the vast potential of QuantumCore, one thing is clear: the future of data storage has never looked brighter."
63,Breakthrough in Quantum Computing: New Processor 100 Times Faster Than Current Technology,Dr. Rachel Kim,"March 22, 2027","**Quote:** ""Aurora is not just a faster computer – it's a new paradigm for problem-solving. We're on the cusp of a revolution that will change the way we live, work, and interact with the world around us."" – Dr. Maria Rodriguez"
64,"""NeuroSpark Revolutionizes Brain-Computer Interface with Breakthrough Technology""",Rachel Kim,"March 20, 2027",NeuroSpark is expected to unveil more details about CerebroX at the upcoming TechWorld conference in San Francisco next month.
65,Historic Agreement Reached at ASEAN Summit on Refugee Crisis,Rachel Lee,"March 20, 2025","The agreement is expected to be ratified by ASEAN member states in the coming months, paving the way for a more coordinated and humane response to the region's refugee crisis."
66,"""Ramos Shocks Fans with Sudden Retirement from Professional Soccer""",Alex Rodriguez,"March 20, 2025","* Ramos's agent, Juan Sánchez, has reportedly been inundated with offers from top clubs and brands, sparking rumors of a potential move into coaching or ambassadorial roles.
* Real Madrid has announced plans to hold a farewell ceremony for Ramos at the Santiago Bernabéu Stadium on April 1, with proceeds going to the player's charitable foundation.
* Bookmakers have already installed Ramos as the favorite to become the next coach of the Spanish national team, should current manager, Luis Enrique, decide to step down after the 2026 World Cup."
67,"""President Rodriguez Announces Sweeping Education Reform Package""",Maria Sanchez,"March 20, 2025","In related news, a new poll released today by the Pew Research Center shows that education reform is a top priority for American voters, with 75% of respondents citing it as a ""very important"" issue in the upcoming election cycle."
68,Breakthrough Discovery in Cancer Research Holds Promise for Personalized Treatment,Dr. Sophia Patel,"March 15, 2027","While more research is needed to fully understand the implications of this discovery, the scientific community is hailing it as a major breakthrough. As Dr. Kim noted, ""This is just the beginning of a new era in personalized medicine. We're excited to see where this research takes us and how it can improve the lives of patients around the world."""
69,"""Revolutionary AI Breakthrough Enables Human-Like Conversations with Chatbots""",Rachel Kim,"March 25, 2027","One thing is certain – with Echo, the boundaries between humans and machines have never been closer."
70,Historic Summit Brings World Leaders Together to Address Refugee Crisis,Rachel Patel,"March 15, 2026","The Geneva Summit marks a crucial turning point in the global response to the refugee crisis. As world leaders return to their capitals, they will be watched closely to see whether they will follow through on their commitments and work together to build a more just and compassionate world."
71,"""Renaissance Woman: Actress Sophia Patel Wins Prestigious Aurora Award for Breakout Role""",Olivia Rodriguez,"March 20, 2023","The Aurora Awards ceremony will air on television next week, featuring performances by Grammy-winning singer-songwriter H.E.R. and a special tribute to the late, great actor Sidney Poitier."
72,"""NeuroSpark Revolutionizes AI with Breakthrough Brain-Computer Interface""",Rachel Kim,"March 20, 2027","As the technology continues to evolve, one thing is clear: CerebroX marks a significant leap forward in the field of AI and has the potential to change the world as we know it. With NeuroSpark's commitment to making the technology accessible and affordable, the future of human-machine interaction has never looked brighter."
73,"""Red Devils Stun Barcelona in Thrilling Champions League Comeback""",Alex Thompson,"March 10, 2025","The thrilling encounter will be remembered for years to come, and United's fans will be hoping their team can continue this momentum all the way to the Champions League final in Istanbul."
74,Historic Peace Accord Signed Between Long-Feuding Nations of Valtania and Kaloria,Sophia Patel,"March 20, 2025",The signing of the peace accord is seen as a major step towards regional stability and a beacon of hope for other conflict-ridden regions around the world.
75,Governor Rachel Morse Announces Bid for Senate Seat in California,Emily Chen,"March 10, 2026","The California Senate race is shaping up to be one of the most competitive and closely watched in the country, with national implications for the balance of power in the Senate. With Morse's entry, the stakes just got a whole lot higher."
76,Breakthrough Discovery in Alzheimer's Research Offers New Hope for Patients,Dr. Sophia Patel,"March 20, 2026","The UCSF team's research is a reminder that even in the darkest of times, science can offer a beacon of hope. As Dr. Kim so eloquently put it, ""The human brain is a mysterious and wondrous thing. We're just beginning to scratch the surface of its secrets."""
77,Breakthrough Discovery in Quantum Physics Revolutionizes Computing,Dr. Sophia Patel,"March 25, 2027","In related news, tech giants Google and IBM have already expressed interest in partnering with the Cambridge team to develop commercial applications for the new technology. As the race to develop the first practical quantum computer heats up, one thing is clear: the future of computing has never looked brighter."
78,"Renowned Director Rachel Lee's Latest Film ""Echoes"" Premieres to Rave Reviews at Cannes",Sophia Patel,"May 20, 2025","As the film's poster, featuring a haunting image of Taylor's character Maya, began circulating on social media, fans and critics alike were left with one question: is ""Echoes"" the film that will finally bring Rachel Lee her long-overdue second Oscar? Only time will tell."
79,"""Breakthrough in Bipartisan Talks: Senate Passes Landmark Education Reform Bill""",Emily Wilson,"March 25, 2025","As lawmakers look to build on this momentum, one thing is clear: the passage of the Education Opportunity Act marks a significant shift in the country's approach to education reform, and could have far-reaching implications for generations to come."
80,Breakthrough in Quantum Computing: Scientists Develop Revolutionary New Chip,Dr. Sophia Patel,"March 22, 2027","""This is just the beginning,"" said Dr. Rodriguez. ""We're already seeing the potential for QuantumCore to revolutionize entire fields, and we're excited to see where this technology will take us in the future."""
81,"""Revolutionary AI Chip Unveiled by NeuroSpark, Promises to Quadruple Computing Power""",Rachel Kim,"March 25, 2027","As the tech industry continues to evolve at a rapid pace, the NeuroCore X1 is poised to play a significant role in shaping the future of computing and artificial intelligence. With its unparalleled processing power and energy efficiency, this revolutionary AI chip is set to change the game."
82,Breakthrough in Quantum Computing: New Chip Design Unveiled by Researchers,Dr. Sophia Patel,"March 25, 2027","The research team's findings are set to be published in the upcoming issue of Nature, with further details and technical specifications available online."
83,"""Hollywood A-Lister Emma Stone to Star in Highly Anticipated Adaptation of Best-Selling Novel 'The Whispering Walls'""",Rachel Lee,"March 20, 2025","In related news, author Emily J. Miller, who wrote the original novel, has announced that she is working on a sequel, titled ""The Echoes of Blackwood"". The book is expected to hit shelves in summer 2026, just in time for the film's release."
84,"""Revolutionary AI-Powered Chip Unveiled by Tech Giant, NovaSpire""",Rachel Kim,"March 22, 2027","* ""NovaSpire Stock Soars Following NeuroCore Announcement"" (Business)
* ""Experts Weigh In on Ethics of AI-Driven Computing"" (Opinion)
* ""Self-Driving Cars Get a Boost with NeuroCore Chip Integration"" (Automotive)"
85,Historic Agreement Reached at International Climate Summit in Cairo,Sophia Patel,"November 20, 2027",I hope you like it! Let me know if you have any feedback or if you'd like me to generate another article on a different topic.
86,"""Eurozone Sees Unprecedented Growth as EU-China Trade Deal Takes Effect""",Emily Chen,"March 20, 2027","Despite these concerns, the EU-China trade deal is expected to have a lasting impact on the global economy, with many predicting that it will pave the way for further trade agreements between major economic powers. As the EU continues to navigate the complexities of the deal, one thing is clear: the Eurozone is back on the path to growth, and the world is taking notice."
87,"""Breakthrough in Quantum Computing: NovaTech Unveils Revolutionary New Processor""",Emily Chen,"March 25, 2027","* ""Google Invests $1 Billion in NovaTech's Quantum Computing Initiative""
* ""IBM Partners with NovaTech to Develop Quantum-Powered AI Systems""
* ""Quantum Computing: The Next Frontier in Cybersecurity"""
88,Breakthrough Discovery in Quantum Physics Could Revolutionize Energy Storage,Dr. Sophia Patel,"March 25, 2027","As the world continues to grapple with the challenges of climate change and energy sustainability, this breakthrough discovery in quantum physics could prove to be a timely and crucial step forward in the quest for a cleaner, greener future."
89,"""President Rodriguez Announces Historic Bipartisan Deal on Immigration Reform""",Maria Sanchez,"March 20, 2025","As the legislation makes its way through Congress, it remains to be seen whether the fragile bipartisan coalition can hold together in the face of intense lobbying and public pressure. One thing is certain, however: the fate of millions of lives hangs in the balance, and the nation is watching."
90,Breakthrough Discovery in Quantum Computing Revolutionizes Data Storage,Dr. Sophia Patel,"March 25, 2027","In related news, the IAS has announced plans to establish a new research center dedicated to exploring the possibilities of quantum computing, with Dr. Kim at the helm. The center is expected to attract top talent from around the world, further solidifying the IAS's reputation as a hub of innovation and scientific excellence."
91,Breakthrough Discovery in Quantum Computing: Researchers Achieve Unprecedented Processing Speeds,Dr. Sophia Patel,"March 25, 2027","* Quantum Computing: The Future of Artificial Intelligence?
* Breakthrough in Quantum Teleportation Sparks Debate on Secure Communication
* Helix Institute Announces Partnership with Tech Giant to Develop Commercial Quantum Computers"
92,"""Eurozone Sees Unprecedented Growth as EU-China Trade Deal Takes Effect""",Rachel Martin,"March 20, 2027","As the Eurozone continues to ride this wave of growth, one thing is clear: the EU-China Comprehensive Investment Agreement has sent a powerful signal to investors and policymakers alike – the European economy is back, and it's open for business."
93,"""NeuroSpark Revolutionizes AI Industry with Breakthrough Neural Network""",Rachel Lee,"March 25, 2027","As the AI industry continues to evolve at a breakneck pace, NeuroSpark's EchoMind is poised to be a major driver of innovation and progress. With its groundbreaking technology and commitment to responsible development, the company is set to revolutionize the way we think about artificial intelligence – and its potential to transform our world."
94,Breakthrough in Quantum Computing: Researchers Achieve Unprecedented Processing Speeds,Dr. Sophia Patel,"March 20, 2025","* Helix Research Institute
* Dr. Leonardo Marquez, Lead Researcher
* Dr. Rachel Kim, Research Team Member"
95,"""Rising Star Alex Chen Shocks Tennis World with Upset Victory at Wimbledon""",Emily Wilson,"July 10, 2025","As Chen herself said, ""This is just the beginning. I'm proud to be representing China on the world stage, and I hope to inspire more kids back home to pick up a racket and chase their dreams."""
96,Breakthrough Discovery in Quantum Computing Unveiled at International Conference,Dr. Sophia Patel,"March 20, 2027","* ""Quantum Computing: The Next Frontier in Artificial Intelligence"" (February 15, 2027)
* ""Google Invests $1 Billion in Quantum Computing Research"" (January 10, 2027)
* ""New Quantum-Inspired Cryptography Method Developed by NSA"" (December 1, 2026)"
97,"""Manchester United Signs Rising Star Alexei Petrov in Record-Breaking Deal""",Emily Wilson,"August 10, 2025","With Petrov on board, Manchester United's fans are eagerly anticipating the start of the new season, and many are predicting that this could be the year the Red Devils finally win their 21st league title."
98,"""NeuroSpark Revolutionizes Brain-Computer Interface with Breakthrough AI Chip""",Emily Chen,"March 25, 2027","As the tech world continues to buzz with excitement over CerebroX, one thing is clear: the future of human-machine interaction has never looked brighter."
99,"""NeuroSpark Revolutionizes AI-Powered Brain-Computer Interfaces""",Rachel Kim,"March 20, 2027","As the tech world buzzes with excitement, industry analysts predict that NeuroSpark's innovation will spark a new era of innovation in AI-powered BCI technology, with far-reaching implications for healthcare, education, and beyond."
